19.933,0.56754,20.125,0.65609,-20.125,0.56315,0.52629,0.17549,0.12571,0.09278,0.061396,0.018332,68.924,21.842,1
-8.625,0.60457,-9.3917,0.74741,-3.6417,0.78998,0.50319,0.13955,0.15984,0.10586,0.071586,0.019979,0,19.894,0
-5.175,0.65733,-6.5167,0.79643,-2.6833,0.82057,0.39836,0.20116,0.18199,0.11114,0.078221,0.02912,0,13.767,0
-1.3417,0.35473,-1.3417,0.38777,14.567,0.33448,0.36281,0.17012,0.23113,0.14368,0.077924,0.014346,57.825,18.138,0
7.475,0.68762,6.325,0.68831,16.675,0.49113,0.3871,0.28068,0.12732,0.10041,0.0808,0.023699,0,14.596,0
0,0.6833,-4.6,0.78437,-1.9167,0.78819,0.32782,0.20889,0.21924,0.15387,0.069706,0.020473,0,16.561,0
9.3917,0.42201,9.5833,0.53748,15.525,0.52708,0.30589,0.2361,0.20804,0.13681,0.07978,0.033372,0,13.915,0
-5.9417,0.60723,-6.325,0.71162,-1.725,0.71115,0.29591,0.17392,0.21364,0.16883,0.1135,0.034196,0,15.936,0
-3.0667,0.37018,9.9667,0.41985,13.608,0.51208,0.24425,0.25898,0.18935,0.17319,0.09594,0.038286,0,16.226,0
-0.95833,0.4683,-6.7083,0.58928,-4.4083,0.69276,0.18981,0.10708,0.27777,0.29622,0.10067,0.028453,0,13.045,0
-0.19167,0.27667,-2.1083,0.33414,-3.2583,0.35422,0.060931,0.14632,0.35445,0.24033,0.1442,0.053779,0,17.635,0
0.19167,0.25969,-1.725,0.4895,-2.4917,0.59342,0.22769,0.18434,0.27694,0.16141,0.11254,0.037078,0,12.592,0
0,0.26261,-2.875,0.31557,-2.875,0.35216,0.13769,0.17394,0.34258,0.23265,0.084683,0.028453,0,15.541,0
-0.19167,0.26521,-0.38333,0.16693,-2.3,0.2417,0.16014,0.11349,0.22496,0.20328,0.1857,0.11242,0,22.273,0
3.0667,-0.032091,-0.95833,0.17471,-2.4917,0.28575,0.12327,0.13981,0.27877,0.21778,0.15366,0.08672,56.122,11.566,0
-1.15,0.095424,-2.3,0.45524,-2.875,0.51196,0.11369,0.25025,0.33805,0.17762,0.087039,0.033354,59.345,14.262,0
0.575,0.11636,-1.725,0.35982,-2.3,0.4864,0.13792,0.183,0.3049,0.19396,0.13508,0.045151,0,14.079,0
10.542,0.093939,8.4333,0.19193,10.542,-0.17073,0.42925,0.25592,0.16255,0.075072,0.062372,0.014836,67.707,21.876,1
10.542,0.32859,-4.7917,0.37899,6.1333,0.44956,0.27442,0.20764,0.25459,0.13997,0.10066,0.022717,0,13.388,0
-2.3,0.3739,-4.9833,0.37984,-7.2833,0.53881,0.20263,0.19017,0.33786,0.17245,0.078732,0.01816,0,13.484,0
-9.5833,0.4628,-9.5833,0.40306,-8.05,0.42741,0.20098,0.21252,0.20082,0.21844,0.14688,0.020345,0,13.955,0
-0.575,0.41499,-3.45,0.49241,-0.95833,0.42008,0.21187,0.20149,0.29858,0.15975,0.095168,0.033137,0,17.231,0
4.2167,0.41244,3.2583,0.47002,4.025,0.24181,0.18149,0.37459,0.19618,0.089674,0.1288,0.029268,52.035,18.503,0
-1.725,0.27938,-2.6833,0.30113,-2.875,0.5378,0.23052,0.21419,0.32561,0.11664,0.082577,0.030473,0,12.815,0
-0.575,0.24572,-3.45,0.26745,7.475,0.34449,0.21126,0.26495,0.28771,0.12867,0.092576,0.014828,0,14.079,0
3.2583,0.32416,2.4917,0.3774,8.4333,0.20548,0.21109,0.15632,0.25249,0.15491,0.17934,0.045843,0,14.959,0
1.15,0.30827,-1.15,0.29106,-1.725,0.21487,0.12675,0.39761,0.30147,0.1067,0.055483,0.011992,0,18.26,0
1.9167,0.28274,-1.3417,0.22104,-0.95833,0.13096,0.16118,0.283,0.39227,0.093052,0.05905,0.011457,63.848,19.592,0
-0.575,0.23055,-3.45,0.26077,0,0.29952,0.12727,0.24198,0.33564,0.13358,0.13158,0.02995,0,19.703,0
0.76667,0.41921,-1.3417,0.4733,10.542,0.18699,0.18417,0.28181,0.32916,0.11549,0.068654,0.020713,0,19.753,0
2.1083,0.1895,0.95833,0.27007,9.3917,0.39696,0.15875,0.17448,0.25478,0.21857,0.16195,0.031471,0,18.482,0
0.76667,0.27823,-1.725,0.26501,0.95833,0.08507,0.14034,0.28022,0.27157,0.15757,0.12238,0.027924,0,18.361,0
0.19167,0.42895,-0.76667,0.45064,-1.5333,0.18406,0.17675,0.22167,0.34414,0.13087,0.10014,0.026427,0,17.806,0
4.2167,0.23554,4.7917,0.020719,4.7917,0.11256,0.20817,0.35039,0.2817,0.070669,0.067307,0.021763,58.226,14.015,1
-0.38333,0.35438,-1.15,0.34477,-0.76667,0.022074,0.19479,0.22742,0.27461,0.17057,0.10533,0.027276,0,9.1055,0
-1.9167,0.2713,-2.875,0.56115,-3.45,0.066372,0.26253,0.196,0.31588,0.12325,0.076281,0.026062,0,8.8332,0
-1.3417,0.46917,-2.6833,0.5036,-2.4917,0.19214,0.21434,0.19819,0.2871,0.16099,0.10671,0.032669,0,7.8104,0
-1.3417,0.4442,-3.0667,0.28741,1.15,0.3137,0.18567,0.22122,0.32388,0.13314,0.11235,0.023734,0,9.4301,0
-0.76667,0.46727,-2.875,0.34695,1.9167,0.11912,0.21088,0.26378,0.28059,0.11001,0.093526,0.041213,0,9.5219,0
-2.875,0.30434,-3.8333,0.18748,-4.2167,0.081969,0.16485,0.22342,0.29378,0.17839,0.11655,0.023001,0,9.903,0
-0.38333,0.28741,-1.3417,0.25605,-1.725,0.20626,0.092087,0.29111,0.31848,0.1691,0.098961,0.030255,0,10.142,0
-1.15,0.31444,-4.7917,0.26051,-3.45,0.091145,0.12246,0.24342,0.35833,0.13567,0.098635,0.041485,0,9.9525,0
-0.38333,0.38778,-4.2167,0.29315,-2.1083,0.60451,0.19392,0.26073,0.21874,0.20669,0.10232,0.017601,51.878,10.129,0
-1.3417,0.47808,-3.6417,0.43192,-3.2583,0.64972,0.20021,0.23315,0.26475,0.15724,0.10744,0.037209,0,10.279,0
-1.3417,0.32375,-5.175,0.28973,-3.2583,0.37407,0.21994,0.22053,0.27503,0.19594,0.067391,0.021173,0,10.876,0
2.1083,0.18554,3.6417,0.23184,7.6667,0.071298,0.19372,0.27635,0.20883,0.2062,0.10239,0.012503,0,10.196,0
7.6667,0.25756,7.6667,0.33912,7.6667,0.2385,0.28409,0.3673,0.14723,0.11802,0.068586,0.014775,59.657,17.266,1
-0.38333,0.35812,-3.6417,0.41568,-2.6833,0.53185,0.27498,0.23202,0.28977,0.11261,0.068506,0.022116,0,12.558,0
-7.0917,0.35583,-6.5167,0.39592,-7.6667,0.46986,0.17027,0.31038,0.24023,0.12974,0.12126,0.028122,0,10.099,0
6.9,0.32886,6.1333,0.24764,6.7083,0.25161,0.11184,0.32087,0.38178,0.10313,0.065999,0.016376,63.358,18.349,1
-0.38333,0.24946,-4.6,0.11299,-2.4917,0.32763,0.25372,0.16918,0.24837,0.22439,0.082996,0.021346,0,10.345,0
0.575,0.51259,-1.15,0.40123,-1.5333,0.65332,0.14133,0.30662,0.27473,0.16384,0.088409,0.025065,0,11.257,0
7.475,0.39145,4.7917,0.3594,5.75,0.43536,0.19643,0.21319,0.24122,0.23682,0.088631,0.023715,0,10.335,0
-1.15,0.48386,-3.8333,0.54094,-2.875,0.56237,0.17567,0.23733,0.23774,0.22487,0.10183,0.022546,0,10.668,0
-0.95833,0.21229,-5.3667,0.15985,-2.6833,0.24853,0.15442,0.25584,0.25186,0.18983,0.12156,0.026497,0,10.879,0
2.1083,0.28112,2.1083,0.25186,-1.15,0.34023,0.15729,0.2212,0.37648,0.13488,0.094018,0.016136,63.203,18.978,0
0.76667,0.22674,0.575,0.25074,-1.3417,0.32699,0.12286,0.30738,0.257,0.1794,0.11335,0.020003,0,13.781,0
1.15,0.24981,7.6667,0.14942,7.6667,0.24598,0.13936,0.26264,0.30263,0.14417,0.11219,0.039012,0,13.407,0
7.6667,0.23566,7.6667,0.25833,5.5583,0.28264,0.48247,0.29826,0.10848,0.060424,0.038224,0.012145,58.134,21.255,1
-2.875,0.55288,-4.6,0.64607,-3.8333,0.56317,0.16264,0.30372,0.284,0.13951,0.077685,0.032451,0,11.775,0
-2.4917,0.63723,-4.6,0.70536,-3.6417,0.62979,0.13325,0.33508,0.31039,0.12913,0.072708,0.019443,51.823,9.9384,0
0.95833,0.66368,-0.38333,0.63404,0,1,0.091359,0.35587,0.26452,0.15143,0.10427,0.032547,0,9.8472,0
-0.19167,0.40937,-1.9167,0.29858,-0.76667,0.5731,0.18621,0.27425,0.28704,0.13904,0.096096,0.017375,0,8.395,0
-0.575,0.4448,-1.9167,0.43521,-2.875,0.29057,0.21669,0.20063,0.28321,0.16214,0.099893,0.037435,0,10.169,0
12.075,0.37692,12.458,0.68102,9.9667,0.49261,0.21349,0.31518,0.17839,0.12016,0.12467,0.048107,69.243,27.779,1
-6.7083,0.35557,-9.3917,0.63994,-11.5,0.55808,0.22569,0.28328,0.1854,0.1538,0.12442,0.027414,0,16.14,0
0,0.48211,-2.3,0.6059,-2.875,0.64693,0.16037,0.33349,0.18347,0.14035,0.1283,0.054032,0,13.626,0
-7.6667,0.3034,-10.158,0.50195,-12.458,0.45814,0.33263,0.28123,0.1388,0.12799,0.091073,0.028283,0,14.128,0
-0.19167,0.72745,-0.575,0.66273,-4.7917,0.50891,0.12835,0.25776,0.2376,0.20095,0.14528,0.030066,0,14.416,0
0,0.62374,-0.575,0.61103,-4.4083,0.26239,0.15269,0.21296,0.20502,0.21567,0.16878,0.044883,0,14.78,0
-12.458,0.33112,-12.458,0.36786,-12.458,0.64773,0.20347,0.22948,0.18443,0.17538,0.15784,0.049403,0,17.581,0
-1.725,0.37882,-8.05,0.47552,-10.733,0.2725,0.18373,0.21712,0.24608,0.15944,0.16365,0.029974,0,13.704,0
-3.45,0.42251,-3.0667,0.55022,-2.4917,0.57129,0.19611,0.21732,0.26894,0.15179,0.13127,0.034567,0,14.777,0
0.575,0.32008,1.3417,0.34634,-3.0667,0.20242,0.23327,0.24684,0.23207,0.1605,0.097366,0.029958,0,13.47,0
-12.458,0.25073,-12.458,0.43489,-12.458,0.36407,0.14109,0.28354,0.25112,0.13153,0.1286,0.064133,0,14.645,0
0.76667,0.36226,0.575,0.26681,3.45,0.084551,0.071863,0.15654,0.28933,0.17914,0.20436,0.098763,51.092,18.416,0
5.75,0.1654,5.75,0.025808,5.5583,-0.21201,0.19117,0.2751,0.21676,0.15359,0.11942,0.043963,81.403,25.556,1
-1.3417,0.45812,-4.4083,0.49763,-3.45,0.56234,0.21622,0.19173,0.22732,0.17927,0.15292,0.032545,0,10.758,0
-0.76667,0.45774,-1.9167,0.3585,-1.725,0.39446,0.19953,0.15023,0.27314,0.20437,0.13522,0.037508,59.887,9.0579,0
-0.38333,0.38968,-5.75,0.2495,-0.19167,0.34221,0.12058,0.18074,0.30993,0.20361,0.15368,0.031455,0,10.901,0
-3.0667,0.35752,-5.9417,0.33201,-4.6,0.49968,0.18756,0.2791,0.24732,0.17497,0.079303,0.031751,0,17.298,0
0.95833,0.58885,-1.3417,0.50648,0,0.83984,0.18982,0.2582,0.28478,0.14656,0.092811,0.027825,0,15.44,0
-1.3417,0.27649,-3.6417,0.26501,-3.0667,0.37175,0.18369,0.2927,0.22466,0.16939,0.091861,0.037701,0,18.877,0
13.992,0.15331,5.5583,0.25538,11.117,-0.028691,0.22033,0.19495,0.21215,0.18925,0.14518,0.038134,0,26.813,1
-1.9167,0.50879,-4.9833,0.50102,-6.1333,0.11007,0.15795,0.31907,0.26948,0.12937,0.079183,0.04494,0,22.612,0
-9.775,0.44474,-6.1333,0.60828,-3.8333,0.62214,0.30916,0.17044,0.20445,0.14373,0.12937,0.042859,0,13.732,0
19.742,0.26861,20.125,0.31307,17.058,0.18718,0.14034,0.17993,0.32523,0.15841,0.14248,0.053612,0,26.285,1
-1.15,0.28327,-5.9417,0.33518,-3.2583,0.49014,0.13819,0.24098,0.20273,0.21762,0.14833,0.052137,0,10.846,0
4.4083,0.26814,3.2583,0.23141,4.7917,0.16907,0.20109,0.2564,0.27221,0.12203,0.11655,0.031725,61.181,17.613,1
-0.38333,0.41564,-3.45,0.40974,-2.3,0.21015,0.14095,0.31339,0.23166,0.14801,0.12477,0.041216,0,9.7878,0
0.95833,0.38109,0,0.43504,3.2583,0.39911,0.1779,0.20975,0.30979,0.19471,0.085653,0.022193,0,9.7485,0
-0.38333,0.32838,-3.0667,0.22694,-1.3417,0.23919,0.17142,0.20839,0.22428,0.19314,0.14693,0.055844,0,13.302,0
-0.76667,0.11876,-2.1083,0.17809,-3.2583,0.27329,0.13195,0.22138,0.32984,0.19246,0.098599,0.025766,0,11.579,0
-2.3,0.29508,-4.7917,0.18764,-4.7917,0.21335,0.14104,0.15293,0.25418,0.16338,0.19935,0.089117,0,10.472,0
-0.76667,0.40276,-2.875,0.3811,-1.9167,0.43502,0.16045,0.22001,0.30331,0.16,0.12537,0.030857,0,11.729,0
-1.725,0.36755,-4.6,0.35021,-2.875,0.16556,0.17237,0.2042,0.30797,0.13654,0.13698,0.041942,51.063,10.143,0
0.19167,0.41573,-1.725,0.45831,-2.3,0.29483,0.18688,0.25447,0.2195,0.12973,0.1445,0.064919,0,10.803,0
-1.3417,0.38227,-4.4083,0.30795,-3.0667,0.28251,0.14783,0.24404,0.22501,0.16604,0.16933,0.047758,0,9.8546,0
0.95833,0.34382,-3.45,0.31578,-4.7917,0.56614,0.26065,0.27904,0.17424,0.12427,0.1181,0.043697,0,12.125,0
4.7917,0.44692,1.9167,0.48191,-0.95833,0.32997,0.23133,0.33472,0.20695,0.089754,0.080848,0.056398,0,22.741,1
-4.7917,0.1796,-4.7917,0.14286,-4.7917,0.11507,0.1925,0.21661,0.29238,0.13538,0.1141,0.049029,0,12.615,0
-4.7917,0.16064,-4.7917,0.099643,-4.7917,-0.23715,0.28857,0.2341,0.19181,0.12892,0.11497,0.041633,0,11.461,0
-0.38333,0.39835,-4.7917,0.25311,-0.19167,0.26884,0.19497,0.24108,0.25553,0.16528,0.08442,0.058725,0,12.208,0
0.19167,0.18549,-3.8333,-0.0185,0.19167,0.39264,0.11865,0.16277,0.22531,0.22038,0.18859,0.084302,0,17.267,0
0,0.41967,-4.7917,0.48076,-4.7917,0.10682,0.16844,0.26541,0.19157,0.21307,0.11502,0.046497,0,8.5886,0
0.19167,0.012433,4.7917,0.15352,2.875,0.18816,0.16322,0.28594,0.22726,0.15217,0.11105,0.060349,0,12.824,0
0,0.46715,-2.875,-0.0085964,-2.3,-0.015471,0.14198,0.10632,0.21914,0.22148,0.20502,0.10606,59.562,13.453,0
0,0.33749,0.38333,0.31323,-0.19167,0.1061,0.19267,0.21807,0.21438,0.15206,0.13869,0.084124,55.78,12.758,0
0.575,0.17217,1.725,-0.050881,2.6833,0.31691,0.12549,0.12241,0.17666,0.31244,0.18314,0.079867,50.536,15.017,1
0.575,0.31655,0.38333,-0.0038954,1.5333,0.26691,0.1205,0.18562,0.25581,0.204,0.16782,0.066248,61.004,14.213,1
0,0.52715,-2.875,0.30235,-0.575,0.08711,0.17015,0.17731,0.17235,0.21939,0.18136,0.079429,0,10.127,0
2.875,0.074251,2.6833,-0.016767,-2.875,0.02863,0.24767,0.17327,0.15252,0.24553,0.12807,0.052933,0,10.024,0
-0.19167,0.43877,1.725,0.1044,-1.725,0.1749,0.11256,0.14612,0.21267,0.27653,0.18407,0.068041,0,10.384,0
-1.3417,0.40335,-6.325,0.45766,-4.9833,0.64664,0.27811,0.26263,0.27496,0.086286,0.0796,0.018418,0,4.4663,0
-0.95833,0.39163,-4.6,0.46409,-2.4917,0.65762,0.36404,0.19381,0.2045,0.11425,0.092774,0.030617,0,3.6436,0
-0.38333,0.42253,-3.45,0.46361,-1.15,0.56013,0.26416,0.1934,0.34546,0.088101,0.083123,0.025761,0,3.6841,0
0,0.33724,-3.8333,0.32695,-2.6833,0.53691,0.2749,0.20937,0.26148,0.090079,0.12458,0.03959,0,3.6871,0
-0.38333,0.44148,-3.45,0.25899,-2.1083,0.41451,0.22329,0.28017,0.29448,0.11433,0.064777,0.022959,0,4.2315,0
18.975,0.22029,13.8,0.23963,10.733,0.20664,0.23684,0.27911,0.28052,0.099263,0.082247,0.022018,0,4.4091,1
4.9833,0.085428,19.167,-0.048757,-9.2,0.20777,0.24925,0.17333,0.236,0.11442,0.18488,0.042119,0,3.7101,0
0.19167,0.5308,-1.725,0.50918,0.19167,0.39799,0.21016,0.24348,0.26551,0.13208,0.12633,0.022435,0,5.2226,0
-0.95833,0.37457,-3.2583,0.26806,12.458,0.0096684,0.20976,0.23215,0.27847,0.12608,0.12511,0.028428,58.945,5.1606,0
-1.15,0.3887,-2.875,0.31362,16.867,0.19982,0.13309,0.2758,0.28426,0.12882,0.14423,0.033803,0,4.79,0
-16.483,0.29917,-16.292,0.24987,-16.675,0.27682,0.16335,0.18832,0.37649,0.1192,0.11537,0.03727,0,4.26,0
-10.925,0.29784,-12.65,0.32579,-10.35,0.37995,0.23495,0.18774,0.26939,0.14419,0.12651,0.037224,0,4.1888,0
-2.3,0.38429,-7.0917,0.23088,-4.4083,0.22202,0.15323,0.22312,0.35427,0.12516,0.12274,0.02148,0,5.3393,0
-0.38333,0.34891,0.575,0.3024,7.8583,0.34931,0.16475,0.16928,0.28597,0.1714,0.17032,0.038293,0,4.3568,0
3.45,-0.19394,3.8333,-0.13873,3.8333,-0.39218,0.32878,0.20678,0.19102,0.13433,0.10238,0.036709,57.175,14.496,1
-0.19167,0.32091,-3.8333,-0.0038761,-3.8333,0.15424,0.14095,0.12826,0.25164,0.20333,0.19211,0.083714,0,4.8612,0
0.575,0.66009,-0.76667,0.64139,0.19167,0.62006,0.27476,0.24332,0.18574,0.13789,0.13043,0.027857,0,5.1863,0
3.0667,0.2661,-3.8333,-0.0019652,-3.8333,0.022895,0.23892,0.27408,0.24284,0.12164,0.088808,0.03371,0,6.3826,0
3.45,0.19406,3.6417,0.33497,3.45,0.45602,0.20603,0.22512,0.27426,0.13834,0.11119,0.045071,57.338,12.426,1
-0.95833,0.34655,0,0.079982,3.8333,0.1082,0.16777,0.15127,0.30399,0.183,0.16084,0.033134,56.77,3.3279,0
-1.15,0.48974,-3.8333,0.24294,-3.8333,0.44664,0.18923,0.15236,0.26074,0.17664,0.16363,0.057402,0,7.099,0
-0.19167,0.078574,1.3417,0.0065412,3.8333,0.13045,0.1366,0.19641,0.29221,0.15263,0.16753,0.054615,64.365,12.473,1
-1.725,0.5356,-3.2583,0.50769,4.7917,0.0040221,0.24002,0.27112,0.29665,0.099891,0.071091,0.021227,0,15.805,0
3.2583,0.15873,2.875,-0.051627,-1.3417,0.061273,0.25507,0.18308,0.3561,0.099892,0.071202,0.034652,56.584,19.322,0
-1.5333,0.63484,-2.875,0.58827,-4.7917,0.18167,0.20761,0.27852,0.28377,0.13253,0.068217,0.02936,0,16.487,0
-3.8333,0.38933,-4.7917,0.33613,4.7917,-0.048007,0.12784,0.26638,0.39484,0.11577,0.068993,0.026177,57.809,16.924,0
-0.575,0.67242,-1.5333,0.62821,-3.45,0.20488,0.19045,0.15159,0.35252,0.19475,0.078886,0.031795,0,15.652,0
-0.76667,0.57337,-1.725,0.42828,-4.7917,0.10648,0.12553,0.19865,0.36085,0.13662,0.13819,0.040161,0,16.187,0
-0.76667,0.30949,-2.1083,0.3061,4.7917,-0.015554,0.20096,0.24708,0.25054,0.1612,0.10197,0.038247,0,14.868,0
-1.15,0.52886,-2.1083,0.36581,-3.2583,0.073014,0.19541,0.20896,0.323,0.16003,0.086197,0.026404,0,15.732,0
-0.95833,0.54378,-1.9167,0.44513,-4.7917,0.12592,0.1518,0.18804,0.35864,0.15296,0.11285,0.035708,0,12.866,0
0.19167,0.53576,3.6417,0.27472,2.3,0.59381,0.26667,0.29737,0.1887,0.10201,0.11781,0.027446,0,5.8483,0
0,0.51517,-0.575,0.5527,5.3667,0.27387,0.27193,0.30921,0.19674,0.10233,0.092631,0.027167,0,5.3532,0
-0.19167,0.59838,0.19167,0.44532,1.9167,0.40815,0.22941,0.25427,0.22945,0.11321,0.12231,0.051352,0,6.3795,0
-1.725,0.48622,8.05,0.35595,0.38333,0.39555,0.2488,0.20739,0.22651,0.10224,0.15424,0.060821,0,6.5101,0
0.575,0.56869,1.5333,0.27368,1.725,0.43776,0.21121,0.27126,0.24748,0.13807,0.10361,0.028376,0,5.6885,0
-5.75,0.48689,-5.175,0.37365,-4.9833,0.6108,0.2144,0.14434,0.25557,0.16378,0.16598,0.055935,0,5.4169,0
0,0.44947,4.9833,0.33937,5.75,0.54995,0.27032,0.2171,0.20162,0.12292,0.14567,0.042381,0,5.3309,0
-1.3417,0.53627,5.9417,0.33243,0,1,0.30253,0.25651,0.16256,0.10817,0.14316,0.027068,0,6.0069,0
-0.575,0.62801,-0.19167,0.42366,-0.19167,0.51844,0.23445,0.2259,0.19895,0.12168,0.17292,0.046102,0,6.0103,0
0.38333,0.32989,0.38333,0.22264,-2.875,0.48907,0.14104,0.16609,0.21543,0.18425,0.22376,0.069444,82.436,4.2371,0
-1.9167,0.39593,2.875,0.35339,0,0.40875,0.20697,0.22971,0.20916,0.13588,0.16711,0.051172,0,6.4507,0
16.292,0.37723,16.292,0.24996,16.292,0.22554,0.18238,0.21264,0.31358,0.13528,0.12064,0.035477,0,10.638,1
12.842,0.36744,13.417,0.19648,13.417,0.25401,0.20635,0.12289,0.21803,0.23184,0.17445,0.046449,77.084,19.912,1
18.208,0.18586,18.208,0.30535,18.208,0.51967,0.28612,0.2988,0.17252,0.12102,0.091654,0.02988,87.443,25.647,1
1.9167,0.41383,-3.0667,0.64606,-2.4917,0.47457,0.25686,0.20932,0.29922,0.12947,0.084351,0.020775,0,10.066,0
-0.19167,0.47456,-3.45,0.60145,-2.875,0.50465,0.20028,0.28217,0.31279,0.12817,0.060199,0.016394,0,9.4249,0
-1.3417,0.32647,-3.45,0.60424,-6.1333,0.53525,0.21156,0.20574,0.29837,0.1183,0.1228,0.043224,0,11.31,0
18.017,0.22515,15.717,0.34759,12.842,0.49846,0.20419,0.24146,0.21848,0.1497,0.14534,0.040838,74.004,18.329,1
-1.725,0.38112,-5.9417,0.63963,-4.6,0.52938,0.23888,0.17801,0.27525,0.17871,0.10064,0.028505,0,12.799,0
0.19167,0.34329,-3.8333,0.57877,-1.725,0.73618,0.18312,0.25319,0.26894,0.15489,0.11048,0.029384,0,12.516,0
1.725,0.20956,-3.2583,0.47837,-2.6833,0.40905,0.18842,0.24348,0.30309,0.14081,0.097775,0.026431,52.973,9.4076,0
-1.15,0.41104,-5.3667,0.3253,-4.7917,0.34438,0.10748,0.20341,0.33995,0.18919,0.12857,0.031404,52.722,12.351,0
-3.8333,0.27113,-4.6,0.33657,-4.2167,0.5433,0.10837,0.27398,0.2763,0.16096,0.13556,0.044829,0,9.2747,0
1.15,0.33516,-0.95833,0.442,2.3,0.077852,0.11943,0.27617,0.44598,0.080388,0.051884,0.026157,69.834,6.2107,0
-3.0667,0.28285,-5.75,0.36147,-3.0667,0.35842,0.19108,0.22457,0.35717,0.10973,0.083329,0.034122,0,6.2127,0
5.3667,0.1787,4.025,0.30277,5.75,-0.024588,0.20214,0.37405,0.25666,0.077606,0.066544,0.022999,68.889,7.5039,1
4.025,0.24792,1.9167,0.41324,5.175,0.019356,0.14229,0.29026,0.35958,0.098062,0.07621,0.033606,60.897,5.8492,0
0.95833,0.18413,-1.9167,0.18925,0,-0.13278,0.2682,0.25719,0.29162,0.097509,0.056692,0.028784,63.059,5.2084,0
0,0.48005,-2.3,0.52918,0.38333,0.21755,0.19168,0.30858,0.24183,0.1278,0.096061,0.034036,0,5.9954,0
1.5333,0.44509,-1.15,0.58617,-0.575,0.11162,0.063059,0.42033,0.30165,0.10964,0.076962,0.028363,50.758,6.2239,0
-0.19167,0.43326,-3.8333,0.27498,-2.6833,0.22107,0.26177,0.2008,0.26746,0.11275,0.095955,0.061264,0,6.1018,0
2.875,0.47982,0.575,0.44314,-0.19167,0.24185,0.11936,0.34325,0.32621,0.072467,0.087576,0.051136,54.001,6.573,0
-0.575,0.50614,-5.175,0.35059,2.6833,0.32935,0.17971,0.26379,0.2006,0.12107,0.16226,0.07256,0,6.7334,0
-0.575,0.59185,-4.2167,0.58054,0,0.21835,0.15554,0.293,0.30481,0.13671,0.082204,0.027744,0,6.4118,0
-2.6833,0.17449,-5.75,0.24746,-5.75,-0.057058,0.20724,0.16353,0.26426,0.16975,0.15112,0.044101,0,5.737,0
0,0.25356,1.9167,0.32649,1.725,0.28482,0.045889,0.12044,0.36252,0.29508,0.14388,0.032182,0,16.019,0
0.19167,0.18442,-0.19167,0.17465,-0.76667,-0.03998,0.04161,0.11013,0.17467,0.31096,0.27252,0.090109,0,33.238,0
-1.3417,0.18278,-0.38333,0.50538,-0.575,0.32552,0.038034,0.083821,0.30088,0.24729,0.23556,0.094417,0,29.802,0
0.95833,0.33696,2.3,0.2395,-1.15,0.24665,0.090399,0.14581,0.27738,0.25359,0.15821,0.074607,0,31.768,0
0,0.31366,0.575,0.10242,-0.38333,0.20992,0.11769,0.17469,0.22428,0.255,0.13393,0.094407,58.351,41.267,1
-2.875,0.14686,-2.875,0.10702,-2.6833,-0.0063043,0.065347,0.15544,0.26289,0.25764,0.18994,0.068742,0,33.872,0
0,0.21472,0.19167,0.077141,0,-0.031726,0.1755,0.12461,0.20282,0.22069,0.19857,0.077817,67.465,52.903,1
0,0.26168,-2.875,0.16772,-2.875,0.42746,0.17814,0.17222,0.24766,0.18207,0.15581,0.064097,0,20.803,0
1.5333,0.24263,2.875,0.13612,0,0.16473,0.059241,0.12869,0.25596,0.28635,0.20447,0.06528,0,16.37,0
0,0.16033,0,0.28632,-0.19167,0.37167,0.17748,0.10445,0.29287,0.17537,0.16836,0.081469,0,28.005,0
-0.19167,0.32835,-2.6833,0.22499,-0.95833,0.12036,0.12894,0.22836,0.28229,0.15824,0.15871,0.043466,0,20.24,0
0.19167,0.35734,-2.1083,0.33165,-2.1083,0.42057,0.14402,0.2187,0.23517,0.1954,0.14914,0.057585,0,19.332,0
1.15,-0.0044036,0.575,0.056636,-3.8333,-0.19633,0.17303,0.17006,0.19928,0.21754,0.18973,0.050376,0,10.138,0
0,0.13502,-3.8333,0.15253,-3.8333,0.40155,0.19413,0.15131,0.28544,0.18566,0.15234,0.031112,0,9.1421,0
-3.0667,0.3307,-3.8333,0.29889,-3.8333,0.16283,0.2693,0.17591,0.25435,0.17049,0.095007,0.034947,0,9.4214,0
0.575,0.19376,-3.8333,0.26041,-3.8333,0.35554,0.16281,0.2264,0.31206,0.16488,0.11475,0.019104,0,8.7207,0
0.19167,0.24393,1.725,0.12272,3.8333,-0.0038241,0.20155,0.20285,0.24754,0.15149,0.14608,0.050481,0,9.0987,0
0.19167,0.074138,-0.38333,0.089725,1.3417,0.020943,0.11002,0.20194,0.19488,0.22194,0.20624,0.064983,0,14.338,0
3.6417,0.29409,3.6417,0.15876,-1.9167,0.056196,0.13344,0.29526,0.24891,0.14932,0.10511,0.067956,0,8.4869,0
-1.5333,0.25401,-3.2583,0.25861,-3.8333,0.21882,0.15024,0.19162,0.27453,0.20323,0.14888,0.031496,0,10.336,0
1.3417,0.081388,0.76667,0.16873,-3.6417,-0.055162,0.11912,0.16914,0.23012,0.2419,0.17725,0.062465,0,12.736,0
3.0667,0.15209,0.95833,0.064874,-2.1083,-0.30707,0.2569,0.22488,0.28248,0.11185,0.10835,0.015534,0,11.482,1
0.76667,0.25909,3.6417,0.32117,2.1083,0.29948,0.17009,0.25823,0.26493,0.15696,0.11452,0.035279,0,9.1906,0
-1.9167,0.29879,-3.8333,0.23594,-3.8333,0.36892,0.22434,0.21197,0.33229,0.11948,0.08427,0.02764,0,9.5032,0
-3.6417,0.48411,-4.7917,0.48771,-4.4083,0.37536,0.25762,0.24444,0.23434,0.14804,0.099468,0.016085,0,10.709,0
6.325,0.13428,1.725,0.12056,-3.45,0.25494,0.14931,0.13333,0.1569,0.26462,0.22735,0.068492,0,10.27,0
0,0.21752,-8.625,0.085329,-8.625,0.02134,0.14458,0.16611,0.24661,0.23428,0.16185,0.046578,0,13.179,0
7.8583,0.036464,4.4083,0.024731,6.1333,0.061108,0.13381,0.13421,0.21099,0.29834,0.16981,0.05283,0,13.684,1
3.0667,0.51765,-0.76667,0.35951,-5.3667,0.23917,0.2239,0.2399,0.24706,0.14265,0.11318,0.033306,0,10.789,0
-3.2583,0.39148,-6.7083,0.3765,-5.9417,0.38695,0.15478,0.28474,0.1892,0.17657,0.15414,0.040579,0,8.9413,0
-4.4083,0.42333,-6.325,0.30306,-5.75,0.25788,0.29457,0.17524,0.22273,0.15338,0.11989,0.034189,0,8.0057,0
-4.9833,0.44964,-6.7083,0.34959,-5.9417,0.33792,0.21492,0.22031,0.22641,0.18371,0.1225,0.032154,0,8.571,0
0.19167,0.17828,5.5583,0.03004,6.7083,0.12493,0.15889,0.2208,0.22528,0.19156,0.15322,0.050242,0,11.413,0
0,0.4177,-3.0667,0.49775,-1.725,0.64763,0.10559,0.1205,0.20929,0.27227,0.23914,0.053203,0,9.3228,0
2.6833,0.42198,-5.5583,0.22407,-4.2167,0.31264,0.21095,0.24443,0.2249,0.15706,0.12784,0.034817,0,10.188,0
0,0.33569,-4.7917,0.27979,-3.6417,0.40697,0.19924,0.27248,0.1899,0.13074,0.17067,0.036968,0,10.689,0
0.95833,-0.16451,-2.875,0.2623,-2.1083,-0.023942,0.30758,0.16889,0.21979,0.16483,0.11735,0.021568,0,8.4481,0
4.7917,0.26265,4.7917,-0.045709,2.875,0.16799,0.24451,0.29863,0.23388,0.11703,0.080064,0.025892,59.595,11.045,1
0,0.42935,-0.38333,0.21973,-2.1083,0.32236,0.23599,0.29116,0.27464,0.1144,0.06569,0.018119,0,7.9689,0
4.7917,0.15632,4.7917,-0.11754,3.2583,0.1714,0.19481,0.15126,0.27884,0.21857,0.12312,0.033396,0,9.3118,0
-0.76667,0.18206,-4.2167,-0.10275,-4.6,0.22746,0.19079,0.11956,0.20119,0.1905,0.21252,0.085441,0,8.983,0
-1.3417,0.22811,4.7917,-0.13678,0,0.15459,0.17953,0.14563,0.30584,0.18885,0.14091,0.039233,0,8.7267,0
4.7917,0.084569,0.76667,0.011617,2.4917,-0.0030222,0.2731,0.13126,0.19889,0.17565,0.16578,0.055319,67.802,18.992,1
-1.9167,0.37163,4.7917,-0.010787,4.7917,0.13979,0.19826,0.2479,0.21368,0.18525,0.13268,0.022218,0,8.8631,0
-0.575,0.4197,-1.5333,0.46772,-3.8333,0.29394,0.22054,0.26973,0.19868,0.14653,0.12352,0.040998,0,9.4342,0
-1.725,0.25273,-3.0667,0.25912,-4.7917,0.27462,0.15279,0.24424,0.29854,0.17757,0.092692,0.034167,0,8.6384,0
-0.19167,0.4054,-1.5333,0.44841,-2.6833,0.25671,0.18196,0.20494,0.26587,0.1813,0.12681,0.039113,0,7.8459,0
-2.1083,0.54524,-3.0667,0.25596,-3.6417,0.28626,0.2061,0.21057,0.27903,0.11967,0.13783,0.046804,0,10.072,0
-1.9167,0.34591,-4.025,0.1044,-4.4083,0.18239,0.17904,0.18888,0.27817,0.18048,0.12522,0.048209,0,8.7442,0
-0.76667,0.41894,-2.1083,0.27205,-3.0667,0.31621,0.1833,0.20794,0.27869,0.17661,0.11984,0.033622,0,8.3367,0
0.76667,0.47264,-0.38333,0.37519,-1.3417,0.4059,0.11761,0.17253,0.30729,0.26287,0.11393,0.025761,0,7.8012,0
-0.19167,0.25874,-4.7917,0.068689,-4.2167,0.082102,0.18566,0.20059,0.22365,0.20713,0.15381,0.029159,0,9.1789,0
-4.7917,0.057203,-4.6,0.16348,-4.025,0.13838,0.10671,0.20263,0.30167,0.20778,0.14127,0.03995,0,8.9907,0
22.617,0.35986,19.167,0.31103,-17.633,0.37194,0.36676,0.33649,0.14943,0.077732,0.059554,0.010036,62.276,15.495,1
6.5167,0.141,0,0.19315,3.2583,0.11641,0.029124,0.0791,0.33315,0.31686,0.20349,0.03828,0,17.125,0
2.1083,0.63744,0,0.68249,-0.19167,0.094644,0.26843,0.31224,0.24701,0.08748,0.066955,0.017886,0,9.1432,0
-4.2167,0.58389,-5.75,0.66256,-7.2833,0.20698,0.23549,0.302,0.26985,0.10383,0.075878,0.012965,0,9.8583,0
-1.15,0.57426,-3.6417,0.56851,-3.6417,0.20188,0.27233,0.23777,0.25382,0.14447,0.075841,0.015763,0,7.7582,0
-0.38333,0.36432,-4.7917,0.30024,-14.567,0.13266,0.29736,0.23129,0.26171,0.10063,0.093238,0.015763,52.634,9.3623,0
2.4917,0.49655,-0.19167,0.48577,0,1,0.15779,0.26864,0.38064,0.10146,0.072732,0.018736,0,8.1044,0
13.225,0.48785,8.625,0.40977,14.567,0.27547,0.26192,0.36725,0.20459,0.084156,0.071065,0.011027,60.794,13.81,0
7.2833,0.20013,3.6417,0.15775,-23,0.23625,0.23546,0.24513,0.31184,0.089822,0.086508,0.031235,57.039,11.969,0
-2.6833,0.36323,-5.3667,0.1846,-3.6417,0.47206,0.11257,0.33185,0.3574,0.12241,0.061677,0.014102,0,9.5006,0
-0.95833,0.17478,-4.4083,0.15365,-3.6417,0.66836,0.17032,0.2568,0.29484,0.15538,0.10756,0.015095,0,8.4503,0
-1.15,0.30542,-5.3667,0.28411,23,0.24589,0.25694,0.23647,0.30162,0.10827,0.077118,0.019587,0,11.959,0
-5.3667,0.46878,-5.3667,0.46133,22.042,0.15456,0.24227,0.19656,0.23487,0.17137,0.12784,0.027076,0,9.2689,0
-5.75,0.43384,-6.9,0.36714,-7.2833,0.18943,0.18068,0.26534,0.31274,0.11843,0.10591,0.016897,0,8.7945,0
-4.025,0.14288,-4.4083,0.0919,-3.8333,0.35372,0.18133,0.2946,0.25523,0.14294,0.10687,0.019023,0,9.632,0
0.38333,0.48317,-2.1083,0.43138,-1.725,0.28825,0.25528,0.19745,0.27352,0.16399,0.087429,0.022325,0,9.1645,0
-0.575,0.48747,-4.2167,0.46729,-2.6833,0.26862,0.1737,0.27167,0.32503,0.10332,0.10429,0.021982,0,9.1626,0
-16.675,0.2832,-19.55,0.18789,12.65,0.36739,0.17848,0.24246,0.28334,0.14161,0.12418,0.029934,0,12.198,0
13.225,0.21059,6.7083,0.18034,19.167,0.12436,0.17017,0.24147,0.31029,0.13238,0.12138,0.024321,0,11.622,0
2.3,0.033945,-1.5333,0.28971,-2.1083,0.29528,0.057053,0.31312,0.31685,0.14,0.11107,0.061907,0,16.223,0
0.38333,0.18271,0.95833,0.19227,1.9167,0.23374,0.051523,0.26761,0.20306,0.20423,0.18993,0.083646,71.327,17.757,1
0.575,0.41163,-2.875,0.32928,-2.4917,0.51423,0.14474,0.11952,0.26245,0.22435,0.19504,0.053899,0,11.558,0
0.38333,-0.0303,-0.575,-0.15093,-0.38333,-0.014941,0.13786,0.21215,0.31431,0.1504,0.12285,0.062441,60.761,18.696,0
-2.875,0.52133,-2.875,0.48945,-2.875,0.25882,0.10565,0.14539,0.30296,0.18981,0.17906,0.077136,0,10.261,0
-2.1083,0.57375,-2.1083,0.48252,-2.875,0.21291,0.12278,0.16018,0.25284,0.20031,0.20035,0.063543,0,11.681,0
-0.575,0.47202,-2.875,0.27536,-2.875,0.13417,0.19041,0.20807,0.23552,0.18468,0.12732,0.053993,0,12.298,0
3.2583,0.5027,2.4917,0.37425,2.3,0.4984,0.19173,0.32386,0.27971,0.10323,0.075099,0.026372,71.218,14.911,1
-0.575,0.42025,-3.6417,0.52772,-3.0667,0.27348,0.20524,0.29931,0.23839,0.13635,0.091639,0.029072,0,10.921,0
-3.8333,-0.00031845,-3.2583,0.13896,-3.8333,-0.13358,0.30255,0.21473,0.20217,0.17457,0.089245,0.016727,0,10.733,0
-1.9167,0.05069,-3.8333,0.092973,-3.8333,-0.27239,0.28102,0.21612,0.22935,0.14038,0.10953,0.023598,0,9.4998,0
-1.3417,0.43207,-3.45,0.31957,-3.0667,0.73486,0.17503,0.20958,0.26211,0.22765,0.10208,0.023548,0,10.396,0
-0.19167,0.46826,-2.875,0.39816,-2.4917,0.63163,0.13725,0.25523,0.28141,0.214,0.085762,0.02635,0,10.749,0
2.875,0.62866,0.76667,0.59638,1.3417,0.58512,0.14382,0.27256,0.38152,0.12312,0.061452,0.017534,53.012,13.544,0
0.95833,0.33567,-1.725,0.0098048,-0.95833,0.16219,0.15311,0.12639,0.23323,0.3084,0.14732,0.031567,0,9.0887,0
-1.9167,0.06299,-3.8333,0.11063,-3.2583,-0.04926,0.18541,0.23545,0.23693,0.20831,0.11169,0.02221,0,11.398,0
-1.15,0.27075,-3.8333,0.29549,-3.6417,0.022925,0.16057,0.25615,0.27728,0.19061,0.091495,0.023905,0,9.2814,0
-0.38333,0.41739,-3.8333,0.16507,-2.3,0.50264,0.11588,0.16866,0.25683,0.28512,0.15343,0.02008,0,9.6421,0
-0.38333,0.38183,-3.0667,0.53042,-2.4917,0.41187,0.13499,0.17854,0.30355,0.20778,0.1412,0.033949,0,9.9761,0
1.725,0.40185,-1.15,0.15956,-0.19167,0.09438,0.12854,0.15673,0.3585,0.20685,0.12078,0.028609,0,10.786,0
2.6833,0.54974,0.38333,0.41119,1.3417,0.3871,0.072341,0.20299,0.37529,0.21293,0.11528,0.021165,60.167,12.524,0
0.19167,0.37672,-3.8333,0.18852,-1.3417,0.28459,0.091127,0.12464,0.23264,0.31387,0.19854,0.039178,78.399,11.928,0
-1.725,0.30262,-3.8333,0.14867,-3.0667,0.20054,0.12378,0.14463,0.25949,0.29793,0.13989,0.034284,0,11.779,0
-0.76667,0.58927,-2.1083,0.29135,0,0.12083,0.041774,0.077818,0.19603,0.30572,0.28025,0.098409,0,11.952,0
2.4917,0.65569,1.15,0.38409,2.875,0.24879,0.093027,0.073831,0.12187,0.24766,0.39422,0.069391,0,11.656,0
-1.725,0.30853,2.4917,0.33462,2.875,-0.015306,0.053344,0.048151,0.12298,0.25276,0.39512,0.12764,0,13.055,0
0.95833,0.32525,-0.38333,0.080767,-0.38333,-0.23367,0.17007,0.1825,0.14385,0.16295,0.25842,0.082205,77.155,11.624,1
0.38333,0.60552,-0.95833,0.49986,2.875,0.21519,0.14692,0.12912,0.20246,0.16672,0.28959,0.065185,0,7.3584,0
0.19167,0.15831,-0.19167,0.00817,2.875,0.25631,0.14828,0.1389,0.27549,0.26612,0.14079,0.030429,0,9.4757,0
0,0.35771,2.6833,0.22994,2.4917,0.34703,0.069205,0.081269,0.2608,0.25961,0.2415,0.087606,0,7.6995,0
-1.3417,0.31695,-2.875,0.31444,2.875,-0.13135,0.16044,0.14736,0.1871,0.23096,0.20875,0.065402,0,8.3652,0
0.575,0.42725,0.38333,0.23094,-1.725,0.22668,0.060707,0.13499,0.17688,0.32779,0.23147,0.068161,0,11.411,0
-1.3417,0.41194,-2.3,0.03393,2.875,-0.1119,0.11897,0.18028,0.277,0.22006,0.17807,0.025616,0,17.204,0
-1.15,0.14805,-1.725,0.18631,-2.4917,0.056144,0.14422,0.28488,0.21969,0.18406,0.11088,0.05627,0,11.286,0
0.19167,0.16928,-2.875,0.17496,-2.875,0.083359,0.14723,0.23587,0.29276,0.16867,0.12875,0.026716,0,9.6642,0
1.9167,0.15986,1.725,0.17656,1.15,0.021375,0.15024,0.26798,0.19779,0.17421,0.16756,0.042219,56.823,25.738,1
0.38333,0.23884,-1.3417,0.31311,-2.875,0.36669,0.12816,0.22,0.21059,0.17834,0.21099,0.051924,0,11.307,0
-1.3417,0.2771,-2.875,0.48287,-2.875,0.38338,0.18637,0.19754,0.23521,0.21498,0.11397,0.05192,0,11.023,0
-0.95833,0.30431,-2.875,0.21457,-2.875,0.25328,0.13001,0.23775,0.26468,0.18999,0.15089,0.026665,0,9.989,0
-2.6833,0.28886,-2.875,0.2411,-2.875,0.27345,0.16871,0.19623,0.24302,0.20459,0.14177,0.045691,0,10.451,0
0.19167,0.10284,2.1083,0.084974,-0.19167,0.34588,0.23356,0.29065,0.23084,0.11487,0.10132,0.028757,0,20.891,0
4.9833,-0.14585,0,-0.23424,2.875,-0.28243,0.15604,0.15489,0.2892,0.19956,0.14867,0.051647,70.592,34.135,1
0.38333,0.20624,2.875,0.076413,-0.38333,0.24084,0.19275,0.23527,0.26722,0.1607,0.11216,0.031917,56.292,28.209,0
-0.575,0.30423,-1.5333,0.089683,-4.4083,0.029761,0.10217,0.15628,0.268,0.21082,0.19899,0.063727,0,29.358,0
-2.1083,0.22949,-3.2583,0.58803,-4.6,0.5317,0.2188,0.23358,0.23584,0.14591,0.12333,0.042539,0,19.113,0
2.3,0.17312,-5.75,0.19907,-5.75,0.1027,0.096443,0.23105,0.31249,0.19382,0.12501,0.041187,51.482,17.889,0
0.19167,0.32106,5.75,-0.040981,2.3,0.15632,0.16997,0.19894,0.30764,0.15489,0.1188,0.049759,0,19.235,0
-0.38333,0.25242,-5.75,0.047123,5.75,-0.021678,0.17662,0.1864,0.25441,0.20725,0.13179,0.043519,61.566,20.989,0
1.15,0.10095,-5.75,0.09724,-5.75,-0.20932,0.23182,0.21524,0.25952,0.12158,0.12686,0.044986,0,19.927,0
-5.75,0.031853,-5.75,0.32576,-5.75,0.08986,0.19915,0.24573,0.29703,0.15432,0.078993,0.024777,0,15.375,0
0.19167,0.15596,-5.75,0.080427,5.75,-0.090482,0.1102,0.17023,0.24994,0.20743,0.19052,0.071684,0,19.715,0
-2.4917,0.26598,-4.7917,0.14484,-5.75,-0.033495,0.1164,0.14281,0.28438,0.25366,0.15127,0.051489,0,18.961,0
-1.3417,0.28751,-4.2167,0.44272,-4.025,0.34038,0.19972,0.23474,0.25704,0.15263,0.10918,0.046675,0,22.499,0
0.575,0.21309,-5.75,0.049299,-5.75,-0.014648,0.080873,0.10378,0.30792,0.26495,0.1809,0.061571,0,23.074,0
1.5333,0.26628,0.38333,0.069902,-2.875,0.019001,0.16771,0.2701,0.25173,0.1619,0.12013,0.028433,0,19.869,0
0.76667,0.27893,0.575,0.079298,-0.575,0.20003,0.18508,0.17747,0.24778,0.20573,0.13337,0.050562,0,22.598,0
0,0.51651,0,0.3011,4.025,0.16728,0.04735,0.10611,0.21736,0.34169,0.22472,0.062765,0,16.586,0
-5.175,0.12467,-11.117,0.1326,-1.5333,0.41323,0.063189,0.093382,0.21502,0.25278,0.2903,0.085331,0,11.112,0
20.125,0.20988,20.125,0.26224,-0.76667,0.38284,0.17783,0.27324,0.24948,0.13658,0.12498,0.037893,67.477,27.013,1
3.0667,0.21077,2.875,0.25632,-8.2417,0.11024,0.10366,0.17103,0.24436,0.20688,0.22506,0.049004,0,16.086,0
-1.3417,0.34382,-1.9167,0.38898,12.65,0.30911,0.14055,0.16081,0.24881,0.23517,0.14734,0.067316,0,14.384,0
-17.058,0.15656,-4.025,0.23068,-1.15,0.2511,0.091016,0.15046,0.28114,0.20798,0.19559,0.073813,0,12.177,0
6.1333,0.16999,-19.167,0.13259,-9.0083,0.10526,0.060701,0.094845,0.24772,0.25558,0.25374,0.087401,0,15.094,0
0.575,0.33541,0,0.21357,NaN,NaN,0.13266,0.13444,0.24376,0.20584,0.19955,0.083758,54.922,100.29,1
1.15,0.3961,0,0.35146,NaN,NaN,0.11064,0.15695,0.23427,0.16905,0.23657,0.092538,0,36.602,0
0.19167,0.29091,-0.38333,0.46183,NaN,NaN,0.13556,0.20314,0.1678,0.17977,0.2177,0.096039,0,49.845,1
0,0.30195,-0.76667,0.26054,NaN,NaN,0.1156,0.14818,0.23696,0.24853,0.20221,0.048511,51.255,84.961,0
2.875,0.34871,-0.38333,0.38542,NaN,NaN,0.17531,0.18247,0.19025,0.18417,0.19439,0.073416,0,53.787,0
-1.725,0.28626,-2.875,0.35334,NaN,NaN,0.14606,0.19869,0.23485,0.21891,0.15759,0.043907,0,38.869,0
1.15,0.037912,-0.19167,0.0057351,NaN,NaN,0.17682,0.17111,0.25785,0.20735,0.14103,0.045822,0,69.988,0
-0.575,0.21415,-1.3417,0.084609,NaN,NaN,0.18049,0.13798,0.26965,0.22174,0.14897,0.041174,60.462,41.508,0
-0.19167,0.33823,-1.15,0.21194,NaN,NaN,0.10607,0.14806,0.22921,0.24985,0.19296,0.073844,0,46.106,0
0,0.28587,-0.575,0.34125,NaN,NaN,0.11949,0.1603,0.19179,0.204,0.24574,0.078683,0,56.246,0
-0.76667,0.020933,-2.1083,0.00062648,NaN,NaN,0.21599,0.1749,0.26323,0.16158,0.13087,0.053422,0,46.756,0
1.3417,0.25173,0.76667,0.086419,NaN,NaN,0.17216,0.18405,0.24134,0.19883,0.15621,0.047413,53.543,38.147,0
2.4917,0.21819,-0.38333,0.43399,11.5,-0.074358,0.19444,0.19453,0.22392,0.18778,0.15061,0.048733,0,13.459,0
-1.725,0.57622,-4.2167,0.38997,0,1,0.22183,0.27565,0.20586,0.12564,0.13961,0.03142,0,14.74,0
-4.6,0.33446,-6.5167,0.1963,2.875,0.41905,0.1607,0.12718,0.16452,0.24439,0.23756,0.065651,0,13.28,0
11.883,0.39289,7.8583,0.23504,12.458,0.1925,0.23429,0.23538,0.23882,0.10491,0.14487,0.041731,75.45,18.863,1
-1.725,0.25611,-3.2583,0.42872,0.575,-0.0074131,0.19936,0.25986,0.29928,0.11836,0.099213,0.023926,0,11.883,0
2.3,0.60781,2.1083,0.49584,7.0917,0.35997,0.17649,0.27801,0.26298,0.11504,0.13753,0.029943,0,11.586,0
-0.76667,0.60451,-3.2583,0.34237,0.95833,0.37052,0.20991,0.20221,0.17357,0.20352,0.16509,0.045699,0,10.936,0
-5.175,0.18441,2.6833,0.18219,-3.2583,0.45514,0.11935,0.22217,0.28387,0.15835,0.17935,0.036911,0,10.354,0
0.19167,0.25,-3.0667,0.38948,7.0917,0.091228,0.11092,0.30745,0.27064,0.15865,0.12737,0.024972,0,11.298,0
-3.45,0.448,-3.45,0.27706,-0.95833,0.39713,0.16928,0.18844,0.26283,0.17285,0.18155,0.025054,53.876,10.826,0
-1.3417,0.48895,-2.1083,0.37054,2.1083,0.42154,0.15844,0.26039,0.31593,0.14164,0.10387,0.019725,0,12.126,0
-0.19167,0.48707,-3.2583,0.33501,0.19167,0.37893,0.14782,0.21745,0.26239,0.187,0.15564,0.029693,0,10.852,0
-1.9167,0.46686,-2.6833,0.45077,NaN,NaN,0.34325,0.23629,0.22616,0.12499,0.053411,0.015893,0,13.384,0
0.19167,0.37132,0.19167,0.27042,NaN,NaN,0.076117,0.11519,0.22807,0.24506,0.24175,0.093808,0,15.97,0
0,0.47897,-2.875,0.11591,-2.875,0.17915,0.04399,0.081464,0.22633,0.24397,0.29041,0.11384,0,10.452,0
0.19167,0.4008,1.15,0.087686,-2.875,0.22308,0.10649,0.1357,0.22143,0.27098,0.19891,0.066497,0,13.939,0
-0.19167,0.30618,-0.19167,0.50178,-0.19167,0.26543,0.051107,0.14295,0.38851,0.2061,0.17703,0.034307,0,14.473,1
0,0.54457,-0.95833,0.3166,-2.6833,0.25469,0.12118,0.19522,0.24729,0.17337,0.19961,0.063341,0,13.722,0
0.95833,0.38528,-0.38333,0.3021,-0.76667,0.30593,0.18506,0.17654,0.31892,0.17983,0.099402,0.04025,0,7.2265,0
0.38333,0.65628,-1.725,0.59926,-2.1083,0.48022,0.24021,0.13818,0.27111,0.20475,0.11186,0.033881,0,7.4909,0
4.7917,0.30294,4.7917,0.4012,4.7917,0.48819,0.32938,0.21591,0.15938,0.12801,0.12055,0.046763,0,9.7491,0
1.15,0.65499,0,0.5977,-0.19167,0.65936,0.17194,0.18289,0.26249,0.20224,0.12975,0.050692,0,6.86,0
1.3417,-0.0047948,0,-0.063815,-0.95833,0.039885,0.18776,0.17848,0.24831,0.19312,0.14222,0.05011,0,6.8639,0
0.19167,0.28519,-1.15,0.34333,-1.725,0.30561,0.24174,0.24957,0.28011,0.13101,0.077642,0.019925,0,10.316,0
3.2583,0.22328,3.0667,0.24304,3.0667,0.24403,0.24511,0.24953,0.26651,0.12811,0.089216,0.021522,0,11.126,0
0.95833,0.70126,-0.38333,0.63676,-0.76667,0.64237,0.17919,0.18788,0.32507,0.18943,0.093755,0.024673,0,8.8102,0
-0.575,0.37148,-2.1083,0.26285,-2.4917,0.23824,0.17979,0.20177,0.28554,0.19319,0.11703,0.022664,0,8.2658,0
-4.7917,0.30837,-4.7917,0.27262,-4.7917,0.19129,0.27334,0.18752,0.18217,0.17844,0.14596,0.032561,0,7.7982,0
0.38333,0.29831,-0.38333,0.19951,-0.575,0.19291,0.096937,0.23005,0.29626,0.18823,0.1296,0.058919,0,6.7722,0
0.575,0.5157,-0.95833,0.37217,-1.15,0.34752,0.12961,0.23736,0.24719,0.19969,0.1438,0.042364,0,8.9238,0
-1.15,0.11644,-4.025,0.14726,-2.3,0.14115,0.28408,0.16503,0.1901,0.22806,0.1121,0.020633,0,8.3377,0
-0.19167,0.55844,-1.725,0.55008,-1.9167,0.43401,0.16842,0.18926,0.33223,0.17527,0.10517,0.029653,0,9.2595,0
4.7917,0.086687,4.7917,0.19499,4.4083,0.17732,0.11041,0.23123,0.28037,0.1656,0.16651,0.045879,0,9.8463,0
-1.3417,0.2283,-3.8333,0.18276,-3.45,0.32353,0.21424,0.17577,0.20454,0.18917,0.18193,0.034341,0,9.5029,0
-0.575,0.50345,-1.9167,0.45797,-2.3,0.43916,0.15858,0.16361,0.34522,0.15919,0.12726,0.04614,0,9.6094,0
-0.575,0.50307,-2.3,0.34069,-1.9167,0.31531,0.19385,0.18892,0.25803,0.22994,0.10593,0.023336,0,9.3241,0
-1.5333,0.17848,-4.025,0.09546,-4.7917,0.11066,0.12672,0.16658,0.27331,0.18934,0.18929,0.054758,0,8.683,0
0.19167,0.42581,-1.9167,0.30885,-1.5333,0.37241,0.19537,0.26766,0.22531,0.14485,0.13258,0.034231,53.451,11.792,0
8.625,0.11702,-2.1083,0.3572,8.625,0.20288,0.1673,0.33764,0.19904,0.13135,0.13353,0.031147,0,6.3899,0
8.625,0.26632,6.1333,0.1617,8.625,0.25964,0.24416,0.29258,0.20662,0.15006,0.085536,0.021041,63.777,13.176,1
8.4333,0.28472,3.8333,0.23694,8.625,0.36168,0.18837,0.25258,0.18157,0.19162,0.15493,0.030921,55.967,11.184,1
-6.9,0.14516,-3.2583,0.34069,-3.8333,0.69591,0.18229,0.32006,0.2728,0.12909,0.073524,0.02223,0,7.8366,0
-0.38333,0.39272,-6.9,0.0253,8.05,0.077983,0.16171,0.18479,0.20946,0.20825,0.18388,0.051916,0,8.632,0
-8.625,0.23668,-6.7083,0.23951,-5.9417,0.57311,0.25532,0.23353,0.23079,0.15314,0.099743,0.027481,0,7.2789,0
0.76667,0.31834,-3.2583,0.14491,-2.1083,-0.037832,0.21001,0.1583,0.24924,0.22877,0.1167,0.036989,0,9.0015,0
-4.025,0.30439,-4.025,0.21224,-5.5583,0.52348,0.14384,0.18612,0.20539,0.26218,0.16087,0.041592,0,8.2305,0
-0.38333,0.22802,-5.9417,0.17694,-4.6,0.39267,0.1465,0.20764,0.2655,0.16649,0.18038,0.033479,0,7.5143,0
-7.475,0.36275,-7.6667,0.18013,-5.175,0.31353,0.14992,0.25779,0.20473,0.20802,0.13875,0.040782,62.028,6.7085,0
-3.2583,0.22989,-8.625,-0.0096121,-3.0667,0.022481,0.11602,0.14541,0.222,0.29136,0.17644,0.048761,0,9.1754,0
0,0.36484,-5.3667,0.1839,-3.0667,0.29445,0.12827,0.17503,0.23285,0.23226,0.17911,0.052485,0,7.4027,0
-0.19167,0.37782,-2.4917,0.21997,-2.6833,0.51029,0.14249,0.19221,0.20163,0.22464,0.18018,0.058849,0,7.4668,0
-6.325,0.18957,-5.3667,0.12527,-4.6,0.24887,0.12451,0.19652,0.28354,0.1986,0.15448,0.042364,0,8.0751,0
-3.2583,0.22245,0,0.21636,7.6667,0.0422,0.25074,0.24086,0.17856,0.16387,0.12676,0.03921,0,5.2655,0
-0.19167,0.30438,-4.9833,0.16017,-3.45,0.21506,0.158,0.12801,0.20396,0.26447,0.20598,0.039576,0,7.3175,0
-0.76667,0.40502,-0.575,0.045919,-2.875,0.1195,0.17534,0.21475,0.20343,0.20322,0.16277,0.040493,0,7.9156,0
4.7917,0.33786,-4.6,0.10905,-4.2167,0.39988,0.27811,0.23807,0.17937,0.13911,0.11747,0.04786,0,14.154,0
-4.4083,0.4494,-4.7917,0.36755,4.2167,0.38477,0.17188,0.27499,0.29282,0.13761,0.087532,0.035171,0,25.332,0
-4.7917,0.21481,-4.7917,0.21173,-2.3,0.2348,0.11814,0.14724,0.24982,0.24812,0.19072,0.045969,0,8.2698,0
-2.1083,0.46399,-2.1083,0.48644,-4.7917,0.52626,0.24715,0.19794,0.19687,0.1599,0.14859,0.049552,0,8.8352,0
3.6417,0.19676,-2.1083,0.23188,-4.7917,0.11122,0.17445,0.16533,0.26926,0.17891,0.17059,0.041467,0,8.7883,0
0.19167,0.27322,-4.7917,0.22452,-3.8333,0.13156,0.25548,0.19781,0.28812,0.13886,0.097026,0.022712,0,9.0233,0
-1.5333,0.45217,-2.6833,0.39325,-0.19167,0.30058,0.26409,0.25017,0.23567,0.14173,0.085622,0.022716,0,8.5897,0
0,0.50546,-4.6,0.54485,-2.3,0.31112,0.21566,0.28694,0.2121,0.16016,0.086487,0.038651,0,9.4571,0
-1.5333,0.24842,-1.9167,0.20817,-4.7917,0.17885,0.14927,0.29507,0.27672,0.18522,0.071749,0.021977,0,9.0483,0
-1.3417,0.33508,-4.7917,0.28018,-4.2167,0.35813,0.15224,0.24947,0.28492,0.23634,0.057236,0.019796,0,9.0309,0
3.45,0.15528,-1.15,0.18263,-3.8333,0.084252,0.14168,0.22743,0.24467,0.14542,0.16719,0.073598,0,8.6303,0
15.525,0.28164,15.525,0.39596,16.292,0.10425,0.30587,0.34507,0.21602,0.050993,0.069324,0.012725,66.295,12.869,1
-0.19167,0.51288,-4.025,0.48616,-4.6,0.71334,0.35674,0.22124,0.26858,0.07458,0.064462,0.014394,0,9.2724,0
0,0.26962,-3.2583,0.2954,-4.6,0.61924,0.36302,0.16479,0.26545,0.11228,0.074208,0.020256,0,9.1293,0
-3.0667,0.59682,-7.0917,0.57166,-7.0917,0.66068,0.32396,0.21936,0.18638,0.086465,0.16086,0.022979,0,9.4085,0
1.5333,0.32952,-2.3,0.44291,-2.4917,0.61241,0.20202,0.33613,0.28818,0.098352,0.058996,0.01632,0,9.6992,0
0.575,0.52809,-3.2583,0.43178,-3.2583,0.58826,0.26746,0.23281,0.26081,0.10803,0.11604,0.014846,0,8.8489,0
-4.2167,0.30248,-6.325,0.32436,-7.6667,0.41911,0.23374,0.26663,0.28352,0.11513,0.077882,0.023104,0,8.4974,0
0.575,0.38566,-3.2583,0.46831,-3.6417,0.49798,0.31616,0.25617,0.23367,0.11601,0.060509,0.017476,0,10.195,0
0.575,0.42196,-0.38333,0.40663,-3.0667,0.31056,0.1609,0.25981,0.32763,0.093778,0.13222,0.025661,56.404,9.049,0
5.5583,0.23853,0.95833,0.2776,1.5333,0.42708,0.21144,0.30026,0.26216,0.069454,0.14156,0.015117,57.67,10.181,0
-0.76667,0.3483,-3.6417,0.31182,-4.2167,0.46651,0.13064,0.15392,0.21909,0.28553,0.17194,0.038884,0,8.92,0
-4.2167,0.44731,-7.6667,0.4083,-8.4333,0.29373,0.2241,0.21016,0.2989,0.14709,0.095836,0.023906,0,9.2781,0
-3.2583,0.38874,-5.175,0.31733,-7.2833,0.57282,0.19184,0.20315,0.30551,0.14802,0.11852,0.032976,0,9.1988,0
1.5333,0.43673,-2.875,0.32565,-2.4917,0.5237,0.20726,0.20009,0.3315,0.16674,0.07874,0.015664,0,8.713,0
16.292,0.1849,16.292,0.24787,15.333,0.28905,0.34173,0.19016,0.19165,0.12136,0.12417,0.030924,0,9.0869,0
1.9167,0.19072,-0.95833,0.26459,-3.6417,0.42085,0.15252,0.12772,0.27905,0.28815,0.11272,0.039845,0,8.888,0
4.7917,0.48955,0.38333,0.37005,0.76667,0.18491,0.23318,0.23358,0.2691,0.11785,0.12544,0.020835,52.988,10.442,0
-0.76667,0.50102,-4.9833,0.37561,-4.9833,0.56195,0.24097,0.25801,0.18148,0.14687,0.14509,0.027578,0,9.5421,0
-16.292,0.27366,-16.292,0.13844,-16.292,0.10796,0.28532,0.15724,0.21614,0.21318,0.10104,0.027084,0,11.847,0
1.15,0.34209,-2.3,0.31023,-2.875,0.2622,0.10261,0.17437,0.42401,0.1697,0.10332,0.025997,0,9.4646,0
0.38333,0.22139,-4.025,0.24977,4.7917,0.58542,0.028661,0.093992,0.2934,0.39069,0.12751,0.06575,0,13.515,0
4.6,0.43061,4.6,0.17055,4.7917,0.054267,0.15906,0.2726,0.21105,0.18437,0.13732,0.035596,82.382,34.114,1
-2.6833,0.32917,0.575,0.083467,4.7917,0.095905,0.09695,0.097919,0.21743,0.20857,0.27754,0.10159,0,26.511,0
-0.19167,0.23196,-0.76667,0.14867,-0.76667,0.16151,0.19996,0.18707,0.24707,0.20002,0.12155,0.044337,0,10.378,0
-2.875,0.23879,-3.2583,0.27885,4.7917,0.33535,0.090996,0.29144,0.22708,0.16532,0.13956,0.085608,0,14.493,0
-0.575,0.3065,-2.1083,0.2388,3.2583,0.20135,0.194,0.21046,0.19581,0.19476,0.15125,0.053715,0,10.954,0
-1.3417,0.12107,0,0.36015,2.3,0.37118,0.05214,0.13478,0.47494,0.22237,0.078242,0.037532,0,9.908,0
-0.95833,0.12679,-1.3417,0.20495,0.19167,0.25007,0.05052,0.10309,0.32116,0.23157,0.22633,0.06733,0,18.294,0
-2.6833,0.20253,-2.4917,-0.010135,0.19167,0.36169,0.040205,0.17352,0.27648,0.23283,0.20713,0.069835,0,11.85,0
-0.575,0.25498,-0.38333,0.20109,1.5333,0.38482,0.10642,0.20907,0.24439,0.19322,0.18428,0.062624,0,23.329,1
0.38333,0.31174,0.95833,0.21973,-2.875,0.071523,0.13289,0.17818,0.26228,0.23434,0.14428,0.04803,0,14.437,0
-1.725,0.46854,-1.9167,0.4035,-0.19167,0.3431,0.11672,0.18263,0.26039,0.18705,0.18727,0.065932,0,16.824,0
-1.5333,0.17134,-1.15,0.2669,1.15,0.24648,0.13024,0.18403,0.29198,0.1957,0.15164,0.046405,0,19.971,0
-0.19167,0.29729,-1.15,0.087307,-2.875,-0.064239,0.15354,0.19701,0.29429,0.18018,0.12768,0.047288,0,14.93,0
1.9167,0.0023605,0.575,0.010246,2.875,0.17444,0.15839,0.24465,0.26117,0.17575,0.11618,0.043847,0,14.546,0
1.3417,-0.069543,1.15,-0.019754,-2.1083,0.062825,0.23461,0.25232,0.21849,0.15425,0.10927,0.031073,0,14.512,0
0.575,0.2356,-0.575,0.40885,-2.875,0.30642,0.076302,0.18101,0.31766,0.25657,0.1415,0.026955,0,11.546,0
2.3,0.46816,0.38333,0.24848,-0.76667,0.31744,0.18939,0.32063,0.24818,0.12623,0.083898,0.031674,0,23.702,1
2.875,0.271,2.875,0.29258,2.4917,0.32358,0.3162,0.2232,0.21577,0.13768,0.083045,0.024099,58.304,21.856,1
-1.15,0.35201,-2.875,0.34601,-2.875,0.29618,0.24276,0.18698,0.2787,0.15887,0.093157,0.039535,0,13.829,0
2.875,0.04089,1.15,0.073524,0.76667,-0.025514,0.20137,0.16014,0.24823,0.18454,0.16377,0.041961,0,17.767,0
-0.38333,0.22391,-2.3,0.20212,-2.875,0.23418,0.19837,0.24384,0.20486,0.17465,0.14286,0.03541,0,15.062,0
-0.76667,0.25608,-2.875,0.070548,-2.875,0.024971,0.091474,0.13834,0.33238,0.23758,0.16599,0.034235,0,13.88,0
2.4917,0.38116,1.725,0.28981,0,0.2562,0.1719,0.29361,0.21725,0.17121,0.11328,0.032741,0,30.447,1
-1.3417,0.249,-2.875,0.15876,-2.875,0.11972,0.14946,0.13682,0.30186,0.16598,0.17924,0.066636,0,22.114,0
-0.95833,0.24787,-2.875,0.18014,-2.875,0.20409,0.18997,0.21484,0.24866,0.15654,0.14839,0.041596,0,15.525,0
2.875,0.22343,2.875,0.17781,-1.5333,0.099545,0.10475,0.16698,0.36264,0.22064,0.12516,0.019833,0,23.415,0
2.875,0.2051,2.875,0.33232,2.875,0.20158,0.1296,0.20582,0.27657,0.21511,0.13927,0.03362,0,17.481,0
-1.3417,0.35291,-2.875,0.3346,-2.875,0.089473,0.15745,0.15574,0.31801,0.19703,0.13445,0.037315,52.618,9.9679,0
-0.575,0.51192,-3.8333,0.48678,-3.0667,0.64413,0.19085,0.2092,0.28606,0.17674,0.11323,0.023919,0,13.439,0
-0.19167,0.35089,-3.45,0.31434,-2.4917,0.42935,0.16804,0.22741,0.32202,0.15636,0.099588,0.026581,0,12.744,0
-0.38333,0.4426,-3.6417,0.31812,-2.875,0.50652,0.19393,0.1876,0.3233,0.16261,0.10132,0.031245,0,13.134,0
0.19167,0.37449,-3.0667,0.33075,-2.3,0.42025,0.15836,0.23037,0.29709,0.17495,0.1069,0.032341,0,13.236,0
-0.38333,0.42408,-3.8333,0.37248,-3.45,0.5461,0.1838,0.23574,0.32986,0.15051,0.080668,0.019428,0,14.632,0
-2.1083,0.55501,-4.7917,0.54931,-4.7917,0.60035,0.14515,0.23754,0.29035,0.19658,0.099154,0.031221,0,13.782,0
-1.3417,0.48846,-4.6,0.45436,-4.025,0.50203,0.13852,0.16443,0.39754,0.18017,0.096104,0.023238,0,13.838,0
0.38333,0.349,-2.875,0.40787,-2.4917,0.40243,0.14931,0.24393,0.31907,0.16474,0.10211,0.020839,0,13.299,0
1.9167,0.59463,-1.9167,0.53802,-0.95833,0.57338,0.10827,0.20031,0.41857,0.12619,0.12031,0.026358,0,16.23,0
-0.95833,0.40588,-4.7917,0.43076,-4.2167,0.41197,0.16916,0.20249,0.29866,0.19971,0.09778,0.032206,0,12.903,0
-2.875,0.15121,-4.7917,0.18899,-4.7917,0.13289,0.18673,0.18169,0.285,0.17855,0.13261,0.035426,0,12.968,0
4.7917,0.32538,4.7917,0.39365,3.0667,0.31612,0.33337,0.24565,0.20982,0.10803,0.081027,0.022101,76.358,13.729,1
4.7917,0.30857,4.7917,0.41402,4.7917,0.34096,0.36691,0.25828,0.20563,0.084607,0.06264,0.021935,86.641,13.055,1
-4.7917,-0.075313,-4.7917,-0.18009,-3.45,-0.23182,0.35136,0.22867,0.18642,0.12098,0.085024,0.027549,63.659,12.27,1
-0.19167,0.019518,-1.725,-0.11448,-2.3,-0.019096,0.18,0.15255,0.21267,0.17238,0.22365,0.058754,0,8.118,0
0.19167,0.088341,0.95833,-0.10168,-3.0667,0.15785,0.17493,0.18897,0.19608,0.15772,0.22193,0.060363,0,7.3847,0
2.875,0.36456,0.575,0.39046,0.38333,0.44251,0.27182,0.21333,0.16758,0.1213,0.18574,0.040231,0,8.8727,0
-1.5333,0.33698,-4.025,0.27344,-4.7917,0.44605,0.22431,0.20581,0.17892,0.17478,0.1811,0.035086,0,8.8597,0
-1.725,0.38955,-0.38333,0.42551,-0.38333,0.24709,0.14991,0.14039,0.19913,0.17172,0.29733,0.041526,0,6.4318,0
0.95833,0.41197,-0.19167,0.40855,-1.3417,0.45771,0.22739,0.151,0.20688,0.19091,0.17438,0.049445,0,8.329,0
0.19167,0.53623,-1.15,0.43068,-1.5333,0.46903,0.24111,0.20473,0.17847,0.17847,0.16553,0.031698,0,7.8,0
0.575,0.1807,1.3417,-0.015774,-1.9167,0.041215,0.27091,0.21591,0.17585,0.15833,0.13456,0.044446,0,7.8801,0
0.19167,0.12609,-2.1083,-0.092686,-3.0667,-0.043418,0.14547,0.19774,0.18887,0.20059,0.21856,0.048772,0,10.045,0
-2.875,0.35154,-2.875,0.31683,-2.875,-0.21513,0.099675,0.11717,0.18719,0.28137,0.24294,0.071658,0,10.4,0
0.575,0.54081,0.38333,0.59684,0.76667,0.081296,0.042598,0.081774,0.21692,0.34076,0.25741,0.060547,0,15.074,0
0,0.48342,-0.19167,0.23811,2.875,0.027246,0.04781,0.10475,0.24647,0.29705,0.21741,0.086508,54.911,13.086,1
-2.875,0.096756,0.19167,0.25589,0.19167,0.025559,0.16507,0.17773,0.23942,0.20082,0.16653,0.05043,0,19.707,0
-2.1083,0.31798,-2.6833,0.36746,-2.875,0.30339,0.084311,0.31612,0.17238,0.22,0.16062,0.046572,0,13.838,0
1.9167,0.041837,1.15,0.1454,NaN,NaN,0.24687,0.24479,0.22832,0.14063,0.10688,0.032512,0,15.557,0
-2.875,0.24038,-2.875,0.25841,NaN,NaN,0.17762,0.2769,0.22637,0.12391,0.16143,0.033765,0,15.049,0
0.76667,0.18128,0.38333,0.025867,NaN,NaN,0.11239,0.15877,0.19768,0.25302,0.22003,0.058124,0,11.923,0
2.875,0.13521,0.19167,0.14058,NaN,NaN,0.15401,0.19562,0.22414,0.18259,0.17089,0.072755,0,13.687,0
0.19167,0.46755,2.875,0.02341,NaN,NaN,0.11446,0.10898,0.22848,0.26012,0.21764,0.070327,53.426,13.181,0
0.76667,0.22147,2.3,0.23188,NaN,NaN,0.11589,0.18677,0.28709,0.19215,0.15763,0.060468,52.18,15.372,1
-2.875,0.047216,0.19167,0.18234,NaN,NaN,0.13138,0.16616,0.20641,0.23933,0.18888,0.067826,0,14.23,0
2.4917,0.093997,2.875,0.182,NaN,NaN,0.16097,0.15004,0.31193,0.21416,0.13427,0.028635,0,15.26,0
7.6667,0.1102,2.6833,0.20461,7.6667,0.080338,0.25131,0.24629,0.25175,0.13172,0.096038,0.022898,0,22.642,0
0,0.034394,0.19167,0.43691,7.6667,0.12027,0.16312,0.27506,0.26668,0.16819,0.08404,0.042908,0,27.636,0
7.475,0.35999,-7.6667,0.22955,-1.3417,0.18901,0.25837,0.23136,0.19822,0.12574,0.14684,0.039466,58.771,36.66,1
1.15,0.25876,-2.4917,0.36056,0,1,0.11955,0.39992,0.30219,0.10328,0.06004,0.01502,0,22.699,0
4.7917,0.19509,-2.1083,0.4485,1.3417,0.27386,0.31944,0.21234,0.19599,0.1259,0.12049,0.025841,0,19.618,0
1.5333,0.31818,2.4917,0.23848,-7.6667,0.33739,0.094117,0.32714,0.29348,0.15069,0.10261,0.031973,0,21.116,0
-1.9167,0.31956,-2.6833,0.36417,7.6667,0.12729,0.16804,0.19558,0.25198,0.17501,0.16455,0.044836,0,19.241,0
3.8333,0.18184,-7.6667,0.12866,-4.2167,0.74071,0.071625,0.38663,0.25954,0.14083,0.11379,0.027595,0,21.556,0
0.76667,0.17721,7.6667,0.078928,-7.2833,0.70312,0.13465,0.3442,0.26548,0.14887,0.084842,0.021961,0,19.93,0
0.19167,0.099281,2.4917,0.22688,7.2833,0.69906,0.13959,0.35331,0.19548,0.16024,0.11045,0.040934,0,24.106,0
2.875,0.37753,-2.4917,0.35667,-4.9833,0.26407,0.19625,0.13801,0.33348,0.13798,0.14925,0.045036,0,23.923,0
2.6833,0.47792,6.1333,0.44986,4.6,0.42172,0.17635,0.24103,0.30223,0.16222,0.094061,0.024114,0,29.031,0
0,0.20991,6.1333,0.23455,7.6667,0.1479,0.11001,0.3294,0.29422,0.14976,0.085566,0.031038,0,22.929,0
0,0.38088,3.45,0.23869,7.6667,0.097481,0.13582,0.25691,0.32659,0.13926,0.10965,0.031775,0,18.935,0
4.025,0.21906,4.6,0.24075,4.2167,0.60974,0.089438,0.2656,0.31853,0.15749,0.12867,0.040269,0,23.018,0
7.6667,0.43209,6.9,0.23921,1.15,0.19952,0.15521,0.16578,0.31628,0.1735,0.14755,0.041683,53.182,35.624,0
0.95833,0.19102,-2.6833,0.15779,-3.0667,0.059446,0.19458,0.22773,0.20406,0.17724,0.13193,0.064458,0,12.096,0
17.633,0.4334,15.525,0.3452,16.1,0.45683,0.32362,0.25585,0.22184,0.10662,0.072532,0.019542,50.221,16.68,1
-3.45,0.25322,-8.4333,0.32349,-10.925,0.27565,0.28744,0.32749,0.19128,0.089819,0.069826,0.034154,0,9.2177,0
-5.75,0.10871,-10.925,0.22278,-13.608,-0.016299,0.21231,0.23935,0.22594,0.16993,0.126,0.026473,0,8.8105,0
3.0667,0.2689,-0.575,0.23957,-2.6833,0.21302,0.2357,0.1943,0.19994,0.16728,0.13622,0.066565,0,10.453,0
2.1083,0.06411,0.19167,0.18754,12.075,0.10935,0.122,0.22437,0.22351,0.23281,0.16958,0.027727,55.91,4.0749,0
2.6833,0.32322,-8.8167,0.19392,-4.9833,0.17974,0.24092,0.19694,0.21654,0.14279,0.14422,0.058586,0,10.529,0
-1.15,0.29469,-11.117,0.16734,-12.267,0.2876,0.26097,0.24972,0.20368,0.12939,0.10989,0.046351,0,11.112,0
-1.9167,0.25427,14.95,0.14561,10.158,0.22251,0.16632,0.1769,0.31553,0.16766,0.12345,0.050146,0,9.8947,0
0.38333,0.11769,-2.3,0.10512,-2.3,0.19509,0.28051,0.20122,0.2634,0.13876,0.079889,0.036218,0,10.233,0
-0.19167,0.38332,-3.2583,0.3441,-4.6,0.44829,0.21015,0.2594,0.27825,0.14282,0.084008,0.025364,0,10.476,0
14.758,-0.054755,-5.175,0.017403,15.908,-0.05741,0.16047,0.13077,0.21639,0.27066,0.17141,0.050292,0,8.8228,0
-0.38333,0.41724,-8.625,0.39869,-4.7917,0.34919,0.12777,0.31747,0.27725,0.17431,0.079216,0.023993,54.83,10.942,0
1.15,0.25549,-2.1083,0.24782,-4.9833,0.40254,0.17637,0.15872,0.19669,0.30034,0.13825,0.02963,0,11.161,0
8.4333,0.17127,-10.733,0.16051,-13.033,0.27816,0.26299,0.19153,0.27851,0.15596,0.085578,0.025443,0,8.9044,0
1.725,0.37723,-1.3417,0.41628,-3.6417,0.2666,0.21566,0.29191,0.20493,0.14115,0.11444,0.031907,0,9.0387,0
-0.76667,0.31513,-8.8167,0.27386,-9.5833,0.19719,0.24835,0.26364,0.20196,0.14713,0.099522,0.039396,0,8.3956,0
-1.5333,0.3343,-3.2583,0.27181,-7.2833,0.2341,0.15239,0.2376,0.26075,0.17835,0.12798,0.042937,0,13.87,0
19.55,0.22585,18.975,0.3422,22.042,0.050546,0.31649,0.11959,0.25057,0.1372,0.13854,0.037611,0,9.0861,0
-21.083,0.19708,-6.325,0.20295,-4.7917,0.30683,0.15891,0.14794,0.24041,0.24912,0.16044,0.043183,62.345,9.4421,0
-2.6833,0.30899,-4.4083,0.2559,22.042,0.052102,0.22153,0.16827,0.23409,0.18323,0.15838,0.034501,0,8.3064,0
-1.15,0.67726,-4.2167,0.50957,-2.875,0.30479,0.29131,0.19188,0.22264,0.15178,0.10742,0.03497,0,8.3731,0
22.042,0.46754,18.975,0.31415,17.25,0.13103,0.24868,0.24142,0.17436,0.16923,0.12257,0.04373,60.576,18.04,1
-0.575,0.32825,-3.8333,0.3584,-3.0667,0.22108,0.25502,0.25831,0.22845,0.14166,0.088004,0.028554,0,8.5023,0
-18.4,0.27145,-21.275,0.2647,-20.125,0.13206,0.13607,0.10936,0.21658,0.19882,0.27099,0.068188,0,8.0398,0
-20.508,0.26512,-21.083,0.17478,-3.45,0.33819,0.17974,0.17682,0.20504,0.2373,0.15346,0.047654,0,8.5481,0
-0.19167,0.43496,-3.6417,0.31898,7.8583,0.1657,0.16823,0.16327,0.22243,0.22635,0.15917,0.060551,51.876,8.4337,0
0,0.61185,-4.025,0.54797,-5.175,0.31179,0.16565,0.35611,0.23556,0.1413,0.0806,0.020778,0,9.8284,0
-0.76667,0.52897,-5.5583,0.60462,-5.9417,0.53267,0.20103,0.35623,0.19659,0.11856,0.10148,0.026114,0,10.069,0
1.5333,0.49495,-2.1083,0.46373,-4.4083,0.21192,0.13091,0.32031,0.19741,0.20593,0.10293,0.042516,0,11.054,0
-9.3917,0.3211,-11.5,0.29216,-10.542,0.4059,0.2784,0.25432,0.22994,0.13018,0.085269,0.021894,0,9.1485,0
-0.19167,0.60772,-4.6,0.56656,-3.45,0.70049,0.14439,0.33863,0.20488,0.15564,0.12374,0.032709,0,9.8367,0
-2.4917,0.60727,-5.9417,0.65261,-4.7917,0.69008,0.17107,0.36639,0.19022,0.16156,0.087879,0.022885,0,10.084,0
13.417,0.30517,7.0917,0.32593,6.5167,0.2906,0.14211,0.25541,0.24134,0.17743,0.13409,0.049622,65.018,17.58,1
0.575,0.27219,-0.38333,0.3283,-1.5333,0.25386,0.082123,0.22239,0.26903,0.21,0.14961,0.06686,0,10.072,0
